Filename,Author,Date
contributors.txt,Ken Harvey,2025-01-29T09:52:30Z
contributors.txt,michaelsoffer,2025-01-29T09:42:26Z
contributors.txt,michaelsoffer,2025-01-29T09:29:29Z
contributors.txt,Michael Soffer,2025-01-29T08:32:24Z
contributors.txt,Michael Soffer,2025-01-29T08:31:37Z
contributors.txt,Michael Soffer,2025-01-29T06:38:33Z
contributors.txt,tannerdonovan,2025-01-29T04:24:58Z
contributors.txt,tannerdonovan,2025-01-29T04:19:27Z
contributors.txt,Ken Harvey,2025-01-29T03:21:09Z
contributors.txt,Ken Harvey,2025-01-29T03:19:39Z
contributors.txt,Ken Harvey,2025-01-29T03:17:40Z
contributors.txt,AdamoHamou,2025-01-29T00:04:18Z
contributors.txt,Parham Pahlavan,2025-01-29T00:03:50Z
contributors.txt,AdamoHamou,2025-01-28T23:59:57Z
contributors.txt,Ken Harvey,2025-01-27T22:51:42Z
contributors.txt,John Zaleschuk,2025-01-27T17:46:51Z
contributors.txt,Ken Harvey,2025-01-27T04:57:45Z
contributors.txt,Ken Harvey,2025-01-27T04:46:12Z
contributors.txt,Richard Vargason,2025-01-27T03:06:37Z
contributors.txt,Kemoshu,2025-01-26T10:03:21Z
contributors.txt,Kemoshu,2025-01-26T10:02:20Z
contributors.txt,Kemoshu,2025-01-26T09:55:46Z
contributors.txt,Kemoshu,2025-01-26T09:52:52Z
contributors.txt,Ken Harvey,2025-01-26T08:05:14Z
contributors.txt,Ken Harvey,2025-01-26T08:04:58Z
contributors.txt,Ken Harvey,2025-01-26T07:55:22Z
contributors.txt,hhrh,2025-01-26T01:30:53Z
contributors.txt,Jayson Kirchand-Patel,2025-01-26T00:38:43Z
contributors.txt,Ken Harvey,2025-01-24T07:15:27Z
contributors.txt,Ken Harvey,2025-01-24T07:13:47Z
contributors.txt,Ken Harvey,2025-01-24T07:08:31Z
contributors.txt,Ken Harvey,2025-01-24T06:45:43Z
repo_mining/Kevin_authorsFileTouches.py,Kemoshu,2025-01-29T04:12:07Z
repo_mining/Kevin_authorsFileTouches.py,Kemoshu,2025-01-29T03:48:51Z
repo_mining/Kevin_scatterplot.py,Kemoshu,2025-01-29T04:12:07Z
repo_mining/Kevin_scatterplot.py,Kemoshu,2025-01-29T03:48:51Z
